{
	"data": [
		{
			"name": "PanoHotspot1",
			"pos":
			{
				"x": 2530.573375394652,
				"y": -102.3791254579337,
				"z": 1976.8957838575739
			},
			"rot":
			{
				"x": -0,
				"y": 0,
				"z": 0
			},
			"capturerot": false
		}
	]
}